arousal,valence,happy-face,anger-face,sad-face,fear-face,surprise-face,disgust-face,control,fairness,self-relativity,other-relativity,expectedness,novelty
2.06666666666667,0.166666666666667,0.433333333333333,1.9,2.2,0.133333333333334,1.33333333333333,1.53333333333333,0.418306055446576,0.865280113501969,0.0304484485534629,0.697185359681078,1.29102014872093,0.24928614566128
0.7,1.3,3.8,2.13333333333333,2.43333333333333,3.76666666666667,2.43333333333333,2.83333333333333,0.765877380436138,0.546834205998358,0.376942354367737,0.63317290856745,0.14021110443803,0.739658306175031
0.166666666666666,1.9,5.13333333333333,2.46666666666667,2.5,4.63333333333333,3.76666666666667,2.8,0.243172841892283,0.264493172071479,0.280158908279777,1.08311170123484,0.63918322939316,0.0792091444701347
0.533333333333333,1.56666666666667,5.03333333333333,2.33333333333333,2.6,4.43333333333333,3.23333333333333,2.53333333333333,0.00847777447163641,0.249282900979951,0.261824723442055,0.48752670875783,0.113279438442885,0.0323795843159501
0.666666666666667,1.63333333333333,5.16666666666667,2.4,2.6,4.93333333333333,4.76666666666667,2.8,0.718521007242,0.440077145568343,0.0551602076250151,0.696789200501415,0.19500821054244,0.20698677567666
1.56666666666667,1.5,3.63333333333333,1.9,2.2,4.9,4.66666666666667,2.23333333333333,0.54650887815741,0.164526336912287,0.099678647785415,0.555076235257917,0.182268836035608,0.564168925011732
3.63333333333333,2.2,4.4,2.4,2.8,4.4,2.33333333333333,2.7,0.517916779356788,0.747515744404239,0.359766785525494,0.0314714509167211,0.0118296856046374,0.1201809208619
1.7,2.63333333333333,5.43333333333333,2.5,2.8,5,4.2,2.86666666666667,0.0556240748425948,0.816855442694947,0.328753454300919,0.475421109045032,0.714706080587788,0.132925329408861
1.96666666666667,2.76666666666667,4.8,2.43333333333333,1.86666666666667,4.7,4.2,2.83333333333333,0.235472222321107,0.866531814239882,0.763882433636148,1.01945539652602,0.819179700451242,0.221766375166917
1.96666666666667,2.03333333333333,4.96666666666667,2.46666666666667,2.63333333333333,4.66666666666667,2.96666666666667,2.8,0.472081413407685,0.802429575428053,0.840874433032718,0.7281127884135,1.02459478323217,0.637859516847882
0.633333333333333,1.96666666666667,3.66666666666667,2.13333333333333,0.2,3.2,4.56666666666667,2.6,0.477884208617076,0.260779927874852,0.257818574584756,0.403803827248562,0.754559758512972,0.844895373679338
1.96666666666667,2.13333333333333,3.26666666666667,2.33333333333333,2.2,4.5,4.3,2.6,0.459121326826553,0.282146488076022,0.371265820760501,0.280525034228889,0.0793835425911192,0.653218737199976
1.3,0.833333333333333,0.1,1.1,2.36666666666667,3.76666666666667,1.93333333333333,1.93333333333333,0.33280511410589,0.130885460490856,0.48656052907305,0.0280423011421747,0.394546634946066,0.0306742309800722
2.7,1.16666666666667,2.46666666666667,1.63333333333333,1.43333333333333,4.63333333333333,3.86666666666667,2.3,0.638393468408781,0.333163514285731,0.269223529172942,0.199329890876799,0.599883536029346,0.0840713286306735
1.26666666666667,4,2.26666666666667,2.36666666666667,0.233333333333334,1.66666666666667,5.03333333333333,5.06666666666667,0.603564283206839,0.348488935847731,0.424763166558268,0.376565517662519,1.51615950473474,0.0930523774013323
0.766666666666667,3.33333333333333,2.13333333333333,3.73333333333333,1.1,2.3,4.46666666666667,3.96666666666667,0.874709494714174,0.66230490039543,0.793826896833269,1.25130267399007,0.82251892017039,0.348358671064447
2.9,3.73333333333333,2.26666666666667,4.73333333333333,1.06666666666667,3.66666666666667,5.66666666666667,2.26666666666667,0.379100814198378,0.584877872762985,0.643985045692812,1.18263683753161,0.852363607144881,0.500244958014819
1.56666666666667,3.3,2.06666666666667,4.13333333333333,0.833333333333333,3.5,5.5,2.9,0.203891194243646,0.870089578791267,0.962949799597089,0.889517394400779,0.60019703261753,0.0504546806067021
0.866666666666667,2.76666666666667,1.96666666666667,0.366666666666667,1,0.6,3.23333333333333,0.8,0.614059998292255,0.497268300693637,0.566798722701114,0.344074270057425,1.4816340922899,0.225027820308149
2.46666666666667,4,2.03333333333333,0.8,0.766666666666667,1.93333333333333,2.56666666666667,0.8,0.743667439345293,0.823156380875438,0.704837250683811,1.02450378207654,0.717709960901617,0.00525909420029841
0.2,3.6,2.2,2.43333333333333,3.96666666666667,1.46666666666667,4.6,0.766666666666667,0.327845898793725,0.459740996512537,0.0483075766607343,0.604635909733054,0.397012978386873,0.0909982315339537
0.633333333333334,4.43333333333333,2.23333333333333,0.0666666666666664,4.66666666666667,1.26666666666667,5.46666666666667,1.66666666666667,0.902961898511605,0.609837749364406,0.703384308651264,0.212323571082535,1.11352678014347,0.889140702311303
0.0333333333333332,3.8,2.26666666666667,0.2,4.73333333333333,1.56666666666667,5.33333333333333,1.2,0.896468163875044,0.931470241253558,0.93795002384187,0.200499043008979,0.912192209490496,0.926201617971378
1.7,3.6,1.73333333333333,0.0333333333333337,1.5,0.8,3,0.933333333333334,0.870932139335743,0.408096395937073,0.0631150900387057,0.48641589464192,0.00986410772451418,0.423889731519372
1.3,3.73333333333333,1.63333333333333,1.1,1.4,0.3,2.96666666666667,0.533333333333333,0.327328124110314,0.817971244042456,0.193512636521931,0.543030491540722,1.5126963795951,0.927071811079868
0.366666666666667,3.7,2,1.4,4.2,1.16666666666667,4.63333333333333,1.66666666666667,0.766204969003745,1.16681759040692,0.381395534070503,0.844363414847955,1.00973745047066,0.431827608698812
1.36666666666667,1.46666666666667,4.23333333333333,0.233333333333333,0.233333333333333,3.9,3.76666666666667,1.3,0.347571324989562,0.318445907503611,0.4073908029212,0.0640124511136278,1.1508090442829,0.98894445183631
2.23333333333333,2.06666666666667,5.56666666666667,0.566666666666667,0.3,4.76666666666667,5.1,1.26666666666667,0.175133213554294,0.60078694143049,0.249710459726314,0.385926341553764,0.651836919327774,0.328495290131414
1.53333333333333,1.73333333333333,5.46666666666667,0.433333333333333,0.4,4.56666666666667,4.56666666666667,1,0.426783829918213,0.615997212522018,0.231376274888592,0.209658650923247,1.40429958716382,0.28166572997723
1.4,1.8,5.6,0.5,0.4,5.06666666666667,6.1,1.26666666666667,1.13682706268858,0.425202967933626,0.0856086561784781,0.000396159179662403,1.09601193817849,0.456272921337939
0.5,1.66666666666667,4.06666666666667,0,0,5.03333333333333,6,0.7,0.964814933603986,0.700753776589682,0.130127096338878,0.142109124423161,1.47328898475654,0.314882779350452
1.56666666666667,2.36666666666667,4.83333333333333,0.5,0.6,4.53333333333333,3.66666666666667,1.16666666666667,0.936222834803365,0.11776436909773,0.329318336972031,0.665713908764356,1.30284983432557,0.12910522479938
0.366666666666667,2.8,5.86666666666667,0.6,0.6,5.13333333333333,5.53333333333333,1.33333333333333,0.473930130289171,0.0484246708070218,0.359201902854382,0.221764250636045,0.576314068133145,0.116360816252419
0.100000000000001,2.93333333333333,5.23333333333333,0.533333333333333,0.333333333333334,4.83333333333333,5.53333333333333,1.3,0.653778277767683,0.00125170073791259,0.733433985082685,0.322270036844944,0.471840448269691,0.0275197704943629
0.100000000000001,2.2,5.4,0.566666666666667,0.433333333333333,4.8,4.3,1.26666666666667,0.0537753579611088,0.0628505380739157,0.871322881586181,0.0309274287324223,0.266425365488761,0.388573371186602
2.7,2.13333333333333,4.1,0.233333333333333,2,3.33333333333333,5.9,1.06666666666667,0.0595781531705001,1.12606004137682,0.288267023138219,0.293381532432516,0.536460390207961,0.595609228018059
4.03333333333333,2.3,3.7,0.433333333333333,0,4.63333333333333,5.63333333333334,1.06666666666667,0.877427382273129,1.14742660157799,0.340817372207038,0.977710393909966,1.21163660612981,0.403932591538697
0.766666666666668,1,0.533333333333333,0.8,0.166666666666667,3.9,3.26666666666667,0.4,0.751111169552467,0.734394653011113,0.517008977626513,0.725227660823252,0.896473513774867,0.279960376641352
0.633333333333333,1.33333333333333,2.9,0.266666666666667,0.766666666666667,4.76666666666667,5.2,0.766666666666667,1.05669952385536,0.532116599216238,0.238775080619479,0.896515250557876,0.691136612691587,0.333357474291953
0.800000000000001,3.83333333333333,1.83333333333333,4.26666666666667,2.43333333333333,1.8,6.36666666666667,6.6,0.185258227760263,1.2137690493497,0.455211615111731,1.0737508773436,0.225139356013812,0.342338523062612
1.3,3.16666666666667,1.7,5.63333333333333,3.3,2.43333333333333,5.8,5.5,0.456403439267598,1.5275850138974,0.824275345386732,0.554117314308992,0.468501228550543,0.597644816725726
0.833333333333333,3.56666666666667,1.83333333333333,6.63333333333333,1.13333333333333,3.8,7,3.8,0.0392052412481986,1.45015798626495,0.674433494246275,0.485451477850529,0.438656541576052,0.749531103676099
0.5,3.13333333333333,1.63333333333333,6.03333333333333,1.36666666666667,3.63333333333333,6.83333333333333,4.43333333333333,0.21441486120293,1.73536969229324,0.993398248150552,0.192332034719701,0.690823116103403,0.299740826267982
1.2,2.6,1.53333333333333,2.26666666666667,1.2,0.733333333333333,4.56666666666667,0.733333333333333,0.195753942845678,1.36254841419561,0.597247171254577,0.353111089623652,0.190613943568966,0.474313965969429
0.399999999999999,3.83333333333333,1.6,1.1,2.96666666666667,1.8,3.9,0.733333333333333,0.325361383898716,1.68843649437741,0.674388802130348,1.72168914175761,0.573310187819316,0.254545239861578
1.86666666666667,3.43333333333333,1.76666666666667,4.33333333333333,6.16666666666667,1.6,5.93333333333333,2.3,0.746151954240301,1.32502111001451,0.0787560252141972,0.0925494499480234,0.89400717033406,0.158287914127326
1.43333333333333,4.26666666666667,1.8,1.83333333333333,6.86666666666667,1.4,6.8,0.133333333333333,0.484655843065029,1.47511786286637,0.672935860097801,0.484861788598542,0.177493368577464,0.639854556650024
2.03333333333333,3.63333333333333,1.83333333333333,1.7,6.93333333333333,1.7,6.66666666666667,0.333333333333333,0.478162108428468,1.79675035475553,0.907501575288407,0.496686316672098,0.378827939230437,0.676915472310098
0.366666666666667,3.43333333333333,1.3,1.93333333333333,3.7,0.666666666666666,4.33333333333333,0.6,1.28923819478232,1.27337650943904,0.0326666414852428,0.210769465039157,1.28115604099642,0.174603585858092
0.766666666666668,3.56666666666667,1.2,0.8,3.6,0.166666666666666,4.3,1,0.74563417955689,1.68325135754443,0.223961085075394,0.154154868140356,0.221676230874165,0.677785665418588
1.7,3.53333333333333,1.56666666666667,0.5,6.4,1.3,5.96666666666667,0.133333333333333,1.18451102445032,2.03209770390888,0.411843982623966,0.147178055166877,0.281282698250277,0.182541463037533
0.866666666666666,0.600000000000001,1.33333333333333,0.333333333333334,0.0666666666666667,0.866666666666667,1.33333333333333,0.0333333333333332,0.522704538543855,0.282341033926878,0.657101262647514,0.449938792667392,0.498972124955129,0.660449161704896
0.166666666666667,0.266666666666667,1.23333333333333,0.2,0.166666666666667,0.666666666666667,0.8,0.3,0.774355154907774,0.297551305018407,0.638767077809793,0.14564619980962,0.253490542880915,0.70727872185908
0.0333333333333332,0.333333333333333,1.36666666666667,0.266666666666667,0.166666666666667,1.16666666666667,2.33333333333333,0.0333333333333332,1.48439838767814,0.106757060430014,0.321782146742722,0.0636162919339654,0.0547971061044103,0.532671530498371
0.866666666666667,0.2,0.166666666666666,0.233333333333333,0.233333333333333,1.13333333333333,2.23333333333333,0.6,1.31238625859355,0.382307869086071,0.277263706582322,0.078096673309533,0.322479940473638,1.30382723118676
2.93333333333333,0.9,0.600000000000001,0.266666666666667,0.366666666666667,0.633333333333333,0.0999999999999996,0.133333333333333,1.28379415979293,0.200681538405881,0.736709139893231,0.601701457650729,0.152040790042667,0.85983922703693
1,1.33333333333333,1.63333333333333,0.366666666666667,0.366666666666667,1.23333333333333,1.76666666666667,0.0333333333333334,0.821501455278733,0.27002123669659,0.0481889000668182,0.157751799522417,0.574494976149758,0.872583635583892
1.26666666666667,1.46666666666667,1,0.3,0.566666666666667,0.933333333333333,1.76666666666667,0,1.00134960275724,0.319697608241524,1.14082478800389,0.386282487958572,0.678968596013212,0.961424681341947
1.26666666666667,0.733333333333333,1.16666666666667,0.333333333333334,0.2,0.9,0.533333333333333,0.0333333333333332,0.293795967028453,0.255595369429696,0.463932078664981,0.0949398798460501,0.884383678794142,1.37751782302291
1.33333333333333,0.666666666666667,0.133333333333333,0,2.23333333333333,0.566666666666667,2.13333333333333,0.233333333333333,0.287993171819061,0.80761413387321,0.119123779782981,0.229369081318888,0.614348654074942,1.58455367985437
2.66666666666667,0.833333333333333,0.533333333333333,0.2,0.233333333333333,0.733333333333333,1.86666666666667,0.233333333333333,1.22499870726269,0.828980694074379,0.748208175128238,0.913697942796339,0.0608275618469109,1.39287704337501
0.6,0.466666666666667,3.7,1.03333333333333,0.0666666666666667,0,0.5,0.9,1.09868249454203,0.415948745507502,0.109618174705313,0.661215209709624,0.254335530508036,0.708984075194958
2,0.133333333333333,1.33333333333333,0.5,1,0.866666666666667,1.43333333333333,0.533333333333333,1.40427084884492,0.213670691712626,0.646165883540679,0.832502799444248,0.459672431591316,0.655586977544357
0.566666666666666,5.3,6.06666666666667,4.5,2.66666666666667,2.1,2.6,7.9,0.162313097229299,0.895323141846089,0.0478208121905311,1.00973842622997,1.37594840029671,0.646605928773698
0.0666666666666664,4.63333333333333,5.93333333333333,5.86666666666667,3.53333333333333,1.46666666666667,2.03333333333333,6.8,0.108832114278036,1.20913910639379,0.416884542465531,0.61812976542262,0.68230781573236,0.391299635110584
2.2,5.03333333333333,6.06666666666667,6.86666666666667,1.36666666666667,0.1,3.23333333333333,5.1,0.38677656623776,1.13171207876134,0.267042691325075,0.549463928964157,0.712152502706851,0.239413348160212
0.866666666666667,4.6,5.86666666666667,6.26666666666667,1.6,0.266666666666667,3.06666666666667,5.73333333333333,0.561986186192492,1.41692378478962,0.586007445229352,0.256344485833329,0.4599859281795,0.689203625568329
0.166666666666667,4.06666666666667,5.76666666666667,2.5,1.43333333333333,3.16666666666667,0.8,2.03333333333333,0.151817382143883,1.04410250669199,0.189856368333377,0.289098638510024,1.34142298785187,0.514630485866881
1.76666666666667,5.3,5.83333333333333,1.33333333333333,3.2,5.7,0.133333333333334,2.03333333333333,0.0222099410908454,1.3699905868738,1.08177960505155,1.65767669064399,0.577498856463587,0.734399211974732
0.5,4.9,6,4.56666666666667,6.4,2.3,2.16666666666667,3.6,1.09372327922986,1.00657520251089,0.328634777707003,0.0285369988343956,0.256801873948843,0.830656537708984
0.0666666666666664,5.73333333333333,6.03333333333333,2.06666666666667,7.1,2.5,3.03333333333333,1.16666666666667,0.137084518075467,1.15667195536276,1.080326663019,0.420849337484914,0.973315675705439,1.62879900848633
0.666666666666667,5.1,6.06666666666667,1.93333333333333,7.16666666666667,2.2,2.9,1.63333333333333,0.130590783438906,1.47830444725192,1.31489237820961,0.432673865558471,0.771981105052466,1.66585992414641
1,4.9,5.53333333333333,2.16666666666667,3.93333333333333,4.56666666666667,0.566666666666666,1.9,1.63680951977188,0.95493060193543,0.440057444406443,0.146757013925529,0.130346996713516,1.1635480376944
0.6,5.03333333333333,5.43333333333333,1.03333333333333,3.83333333333333,4.06666666666667,0.533333333333333,2.3,1.09320550454645,1.36480545004081,0.183429717845806,0.0901424170267277,1.37248527515707,1.6667301172549
0.333333333333333,5,5.8,0.733333333333333,6.63333333333333,2.6,2.2,1.16666666666667,1.53208234943988,1.71365179640527,0.00445317970276565,0.211190506280505,0.869526346032625,1.17148591487384
0.699999999999999,0.333333333333334,0.0999999999999996,0.133333333333333,0.1,0.2,0.533333333333334,0.266666666666667,0.251650616363919,0.0152102710915282,0.018334184837722,0.595584992477011,0.752462667836044,0.0468295601541846
0.833333333333333,0.266666666666668,0.0333333333333332,0.0666666666666667,0.1,0.3,1,0,0.961693849134282,0.175583973496864,0.335319115904792,0.386322500733427,0.444175018850719,0.127777631206525
1.73333333333333,0.4,1.5,0.566666666666667,0.3,0.266666666666667,0.9,0.566666666666667,0.789681720049692,0.0999668351591922,0.379837556065192,0.528035465976925,0.821452065428767,0.643378069481866
3.8,0.3,0.733333333333333,0.0666666666666667,0.3,0.233333333333333,1.43333333333333,0.1,0.761089621249071,0.48302257233276,0.0796078772457163,1.05164025031812,0.651012914997797,0.199390065332035
1.86666666666667,0.733333333333333,0.299999999999999,0.0333333333333332,0.3,0.366666666666666,0.433333333333333,0.0666666666666667,0.298796916734878,0.552362270623468,0.608912362580696,0.607690592189809,0.0755228511946289,0.212134473878996
2.13333333333333,0.866666666666666,0.333333333333334,0.0333333333333334,0.633333333333334,0.0666666666666667,0.433333333333333,0.0333333333333332,0.478645064213389,0.602038642168402,0.483723525356371,0.06365630470882,0.179996471058082,0.300975519637051
2.13333333333333,0.133333333333333,0.166666666666668,0,0.133333333333333,0.0333333333333332,0.8,0,0.228908571515402,0.537936403356574,1.1210333413125,0.354998912821342,0.385411553839013,0.717068661318017
0.466666666666667,0.0666666666666664,1.46666666666667,0.333333333333334,2.3,1.43333333333333,0.8,0.2,0.234711366724794,0.525273099946332,0.537977482864533,0.67930787398628,0.115376529119813,0.924104518149473
1.8,0.233333333333333,1.86666666666667,0.133333333333333,0.3,0.133333333333333,0.533333333333333,0.2,0.702294168718836,0.546639660147501,0.0911069124807238,1.36363673546373,0.55979968680204,0.732427881670111
1.46666666666667,1.06666666666667,5.03333333333333,1.36666666666667,0.133333333333333,0.866666666666667,1.83333333333333,0.866666666666667,0.575977955998173,0.133607711580623,0.766719437352827,1.11115400237702,0.244636594447093,0.0485349134900624
2.86666666666667,0.733333333333333,2.66666666666667,0.833333333333333,1.06666666666667,0,0.0999999999999996,0.5,0.881566310301064,0.0686703422142523,0.010935379106835,1.28244159211164,0.0392996933638136,0.00486218416053885
1.43333333333333,5.9,7.4,4.83333333333333,2.73333333333333,2.96666666666667,1.26666666666667,7.86666666666667,0.360391441314556,0.61298210791921,0.704922074838046,1.45967721889736,0.876976275341585,0.0138432329311976
0.933333333333333,5.23333333333333,7.26666666666667,6.2,3.6,2.33333333333333,0.7,6.76666666666667,0.631536652821892,0.926798072466909,1.07398580511305,0.168190972755228,0.18333569077723,0.269149526594312
3.06666666666667,5.63333333333333,7.4,7.2,1.43333333333333,0.966666666666667,1.9,5.06666666666667,0.135927972306095,0.849371044834464,0.92414395397259,0.0995251362967653,0.213180377751722,0.421035813544684
1.73333333333333,5.2,7.2,6.6,1.66666666666667,1.13333333333333,1.73333333333333,5.7,0.0392816476486367,1.13458275086275,1.24310870787687,0.193594306834063,0.0389861967756291,0.0287544638634326
1.03333333333333,4.66666666666667,7.1,2.83333333333333,1.5,4.03333333333333,0.533333333333334,2,0.370887156399972,0.761761472765116,0.846957630980891,0.739037431177416,0.84245086289674,0.145818675838014
2.63333333333333,5.9,7.16666666666667,1.66666666666667,3.26666666666667,6.56666666666667,1.2,2,0.50049459745301,1.08764955294692,0.424678342404034,2.10761548331138,0.0785267315084572,0.0739500502698363
0.366666666666666,5.5,7.33333333333333,4.9,6.46666666666667,3.16666666666667,0.833333333333333,3.56666666666667,0.571018740686008,0.724234168584016,0.328466484940512,0.478475791501788,0.242170251006287,0.170207376004088
0.8,6.33333333333333,7.36666666666667,2.4,7.16666666666667,3.36666666666667,1.7,1.13333333333333,0.659789056619322,0.874330921435885,0.423225400371487,0.870788130152306,0.47434355075031,0.968349846781438
0.199999999999999,5.7,7.4,2.26666666666667,7.23333333333333,3.06666666666667,1.56666666666667,1.6,0.653295321982761,1.19596341332504,0.657791115562093,0.882612658225863,0.273008980097336,1.00541076244151
1.86666666666667,5.5,6.86666666666667,2.5,4,5.43333333333333,0.766666666666667,1.86666666666667,1.11410498122803,0.672589568008552,0.217043818241072,0.596695806592921,0.629319121668645,0.503098875989507
1.46666666666667,5.63333333333333,6.76666666666667,1.36666666666667,3.9,4.93333333333333,0.8,2.26666666666667,0.570500966002597,1.08246441611394,0.473671544801709,0.54008120969412,0.873513150201939,1.00628095555
0.533333333333333,5.6,7.13333333333333,1.06666666666667,6.7,3.46666666666667,0.866666666666667,1.13333333333333,1.00937781089603,1.43131076247839,0.66155444235028,0.238748286386887,0.370554221077496,0.511036753168947
0.133333333333334,0.0666666666666664,0.133333333333333,0.0666666666666667,0,0.5,1.53333333333333,0.266666666666667,0.710043232770363,0.190794244588392,0.31698493106707,0.209262491743585,0.308287648985325,0.174607191360709
1.03333333333333,0.0666666666666664,1.4,0.433333333333333,0.4,0.466666666666667,1.43333333333333,0.3,0.538031103685773,0.084756564067664,0.36150337122747,0.0675495265000866,0.0689893975927228,0.596548509327682
3.1,0.633333333333334,0.633333333333334,0.0666666666666667,0.2,0.0333333333333332,0.9,0.166666666666667,0.509439004885152,0.498232843424288,0.0979420620834382,0.456055257841109,0.101449752838247,0.15256050517785
1.16666666666667,1.06666666666667,0.399999999999999,0.166666666666667,0.2,0.566666666666667,0.966666666666667,0.333333333333333,0.0471463003709584,0.567572541714996,0.590578177742974,0.0121055997127978,0.827985519030673,0.165304913724811
1.43333333333333,1.2,0.233333333333334,0.0999999999999999,0.733333333333334,0.266666666666667,0.966666666666667,0.3,0.22699444784947,0.617248913259931,0.502057710194093,0.531928687768192,0.932459138894127,0.254145959482867
1.43333333333333,0.466666666666667,0.0666666666666682,0.133333333333333,0.0333333333333332,0.233333333333333,0.266666666666667,0.266666666666667,0.480559187879322,0.553146674448102,1.10269915647477,0.24058607965567,1.13787422167506,0.670239101163832
1.16666666666667,0.4,1.36666666666667,0.2,2.4,1.23333333333333,1.33333333333333,0.0666666666666667,0.486361983088713,0.510062828854803,0.519643298026811,0.0837228815092685,0.867839196955857,0.877274957995288
2.5,0.566666666666666,1.76666666666667,0,0.4,0.0666666666666669,1.06666666666667,0.0666666666666667,0.450643552354917,0.531429389055973,0.109441097318446,0.768051742986719,0.192662981034004,0.685598321515927
0.766666666666667,0.733333333333333,4.93333333333333,1.23333333333333,0.233333333333333,0.666666666666667,1.3,0.6,0.324327339634254,0.118397440489095,0.748385252515105,0.515569009900005,0.507826073388951,0.0017053533358779
2.16666666666667,0.399999999999999,2.56666666666667,0.7,1.16666666666667,0.2,0.633333333333333,0.233333333333333,0.629915693937145,0.0838806133057806,0.00739880573088697,0.686856599634629,0.713162974472231,0.0516917443147234
0.733333333333333,5.56666666666667,7.3,4.7,2.83333333333333,2.76666666666667,1.8,7.6,0.612042057678475,0.597771836827682,0.686587890000324,0.864092226420349,1.62943894317763,0.0606727930853822
0.233333333333333,4.9,7.16666666666667,6.06666666666667,3.7,2.13333333333333,1.23333333333333,6.5,0.883187269185811,0.911587801375381,1.05565162027532,0.763775965232239,0.935798358613275,0.315979086748496
2.36666666666667,5.3,7.3,7.06666666666667,1.53333333333333,0.766666666666667,2.43333333333333,4.8,0.387578588670014,0.834160773742936,0.905809769134868,0.695110128773777,0.965643045587766,0.467865373698869
1.03333333333333,4.86666666666667,7.1,6.46666666666667,1.76666666666667,0.933333333333333,2.26666666666667,5.43333333333333,0.212368968715282,1.11937247977122,1.22477452303914,0.401990685642949,0.713476471060415,0.0180750962907519
0.333333333333334,4.33333333333333,7,2.7,1.6,3.83333333333333,0,1.73333333333333,0.622537772763891,0.746551201673588,0.828623446143169,0.143452438700405,1.59491353073278,0.192648235992199
1.93333333333333,5.56666666666667,7.06666666666667,1.53333333333333,3.36666666666667,6.36666666666667,0.666666666666666,1.73333333333333,0.752145213816929,1.07243928185539,0.443012527241756,1.51203049083437,0.830989399344501,0.0271204901156517
0.333333333333333,5.16666666666667,7.23333333333333,4.76666666666667,6.56666666666667,2.96666666666667,1.36666666666667,3.3,0.319368124322089,0.709023897492488,0.31013230010279,0.117109200975224,0.510292416829758,0.123377815849904
0.100000000000001,6,7.26666666666667,2.26666666666667,7.26666666666667,3.16666666666667,2.23333333333333,0.866666666666667,0.911439672983241,0.859120650344357,0.441559585209209,0.275203137675295,1.22680621858635,0.921520286627253
0.5,5.36666666666667,7.3,2.13333333333333,7.33333333333333,2.86666666666667,2.1,1.33333333333333,0.90494593834668,1.18075314223351,0.676125300399815,0.287027665748851,1.02547164793338,0.958581202287328
1.16666666666667,5.16666666666667,6.76666666666667,2.36666666666667,4.1,5.23333333333333,0.233333333333333,1.6,0.862454364864106,0.657379296917024,0.19870963340335,0.0011108141159098,0.123143546167399,0.456269315835322
0.766666666666667,5.3,6.66666666666667,1.23333333333333,4,4.73333333333333,0.266666666666667,2,0.318850349638678,1.06725414502241,0.455337359963987,0.0555037827828918,1.62597581803798,0.959451395395818
0.166666666666666,5.26666666666667,7.03333333333333,0.933333333333333,6.8,3.26666666666667,1.4,0.866666666666667,0.757727194532109,1.41610049138687,0.643220257512558,0.356836706090124,1.12301688891354,0.464207193014763
0.9,0.133333333333333,1.53333333333333,0.5,0.4,0.0333333333333332,0.1,0.566666666666667,0.17201212908459,0.275550808656056,0.0445184401603999,0.141712965243498,0.377277046578048,0.771155700688391
2.96666666666667,0.566666666666667,0.766666666666667,0,0.2,0.533333333333333,2.43333333333333,0.1,0.200604227885211,0.307438598835896,0.414926993150509,0.665317749584694,0.206837896147078,0.32716769653856
1.03333333333333,1,0.266666666666666,0.0999999999999999,0.2,0.0666666666666667,0.566666666666667,0.0666666666666667,0.662896932399405,0.376778297126604,0.273593246675904,0.221368091456383,0.519697870045348,0.33991210508552
1.3,1.13333333333333,0.366666666666667,0.0333333333333332,0.733333333333334,0.233333333333333,0.566666666666667,0.0333333333333332,0.483048784920893,0.426454668671538,0.819042641261163,0.322666196024607,0.624171489908802,0.428753150843576
1.3,0.4,0.200000000000001,0.0666666666666667,0.0333333333333332,0.266666666666667,1.8,0,1.19060242064968,0.36235242985971,0.785714225407703,0.0313235879120847,0.829586572689732,0.844846292524541
1.3,0.333333333333334,1.5,0.266666666666667,2.4,1.73333333333333,0.2,0.2,1.19640521585908,0.700857073443196,0.202658366959741,0.292985373252853,0.559551547970532,1.051882149356
2.63333333333333,0.5,1.9,0.0666666666666667,0.4,0.433333333333333,0.466666666666667,0.2,0.259399680415446,0.722223633644365,0.426426028385516,0.977314234730304,0.115624667951321,0.860205512876636
0.633333333333333,0.8,5.06666666666667,1.3,0.233333333333333,1.16666666666667,2.83333333333333,0.866666666666667,0.385715893136109,0.309191685077487,0.431400321448035,0.72483150164359,0.199538424403626,0.176312544696587
2.03333333333333,0.466666666666666,2.7,0.766666666666667,1.16666666666667,0.3,0.9,0.5,0.0801275388332186,0.106913631282612,0.324383736797957,0.896119091378214,0.404875325486906,0.122915447045986
0.6,5.63333333333333,7.43333333333333,4.76666666666667,2.83333333333333,3.26666666666667,0.266666666666667,7.86666666666667,1.32208529044884,0.788566081416074,0.369602958933253,1.07335471816393,1.3211512941923,0.113934398275327
0.0999999999999996,4.96666666666667,7.3,6.13333333333333,3.7,2.63333333333333,0.3,6.76666666666667,1.59323050195617,1.10238204596377,0.738666689208254,0.554513473488654,0.62751070962795,0.141371895387787
2.23333333333333,5.36666666666667,7.43333333333333,7.13333333333333,1.53333333333333,1.26666666666667,0.9,5.06666666666667,1.09762182144038,1.02495501833133,0.588824838067797,0.485847637030192,0.657355396602441,0.293258182338159
0.9,4.93333333333333,7.23333333333333,6.53333333333333,1.76666666666667,1.43333333333333,0.733333333333333,5.7,0.922412201485646,1.31016672435961,0.907789591972074,0.192728193899364,0.40518882207509,0.156532095069957
0.2,4.4,7.13333333333333,2.76666666666667,1.6,4.33333333333333,1.53333333333333,2,1.33258100553425,0.93734544626198,0.511638515076099,0.35271493044399,1.28662588174746,0.0180410446314896
1.8,5.63333333333333,7.2,1.6,3.36666666666667,6.86666666666667,2.2,2,1.46218844658729,1.26323352644378,0.759997458308827,1.72129298257795,0.522701750359176,0.201727681476361
0.466666666666667,5.23333333333333,7.36666666666667,4.83333333333333,6.56666666666667,3.46666666666667,0.166666666666667,3.56666666666667,0.390675108448274,0.89981814208088,0.00685263096428082,0.092153290768361,0.202004767844433,0.297985007210613
0.0333333333333332,6.06666666666667,7.4,2.33333333333333,7.26666666666667,3.66666666666667,0.7,1.13333333333333,1.6214829057536,1.04991489493275,0.758544516276279,0.48446562941888,0.918518569601029,1.09612747798796
0.633333333333334,5.43333333333333,7.43333333333333,2.2,7.33333333333333,3.36666666666667,0.566666666666666,1.6,1.61498917111704,1.3715473868219,0.993110231466885,0.496290157492436,0.717183998948055,1.13318839364804
1.03333333333333,5.23333333333333,6.9,2.43333333333333,4.1,5.73333333333333,1.76666666666667,1.86666666666667,0.152411132093743,0.848173541505416,0.118275297663721,0.210373305859495,0.185144102817926,0.630876507196032
0.633333333333333,5.36666666666667,6.8,1.3,4,5.23333333333333,1.8,2.26666666666667,0.391192883131686,1.2580483896108,0.138352428896916,0.153758708960693,1.31768816905266,1.13405858675653
0.3,5.33333333333333,7.16666666666667,1,6.8,3.76666666666667,0.133333333333333,1.13333333333333,0.0476839617617458,1.60689473597526,0.326235326445488,0.147574214346539,0.814729239928215,0.638814384375472
2.06666666666667,0.7,0.766666666666667,0.5,0.6,0.5,2.33333333333333,0.466666666666667,0.0285920988006215,0.582989407491952,0.459445433310909,0.523604784341196,0.17043915043097,0.443988004149832
0.133333333333333,1.13333333333333,1.8,0.6,0.6,0.0999999999999999,0.466666666666667,0.633333333333333,0.490884803314815,0.65232910578266,0.229074806515504,0.0796551262128844,0.896974916623396,0.431243595602871
0.399999999999999,1.26666666666667,1.16666666666667,0.533333333333333,0.333333333333334,0.2,0.466666666666667,0.6,0.311036655836303,0.702005477327595,0.863561081421563,0.464379161268105,1.00144853648685,0.342402549844815
0.399999999999999,0.533333333333333,1.33333333333333,0.566666666666667,0.433333333333333,0.233333333333333,1.7,0.566666666666667,1.01859029156509,0.637903238515766,0.741195785247304,0.173036553155583,1.20686361926778,0.0736905918361501
2.2,0.466666666666667,0.0333333333333332,0.233333333333333,2,1.7,0.1,0.366666666666667,1.02439308677449,0.425306264787139,0.158139926799341,0.151272408009355,0.93682859454858,0.280726448667607
3.53333333333333,0.633333333333333,0.366666666666667,0.433333333333333,0,0.4,0.366666666666667,0.366666666666667,0.0873875513308566,0.446672824988309,0.470944468545916,0.835601269486806,0.261652378626727,0.0890498121882447
0.266666666666668,0.666666666666667,3.53333333333333,0.8,0.166666666666667,1.13333333333333,2.73333333333333,0.3,0.213703764051519,0.0336408764214311,0.386881881287635,0.583118536400091,0.576815470981674,0.594843155991804
1.13333333333333,0.333333333333333,1.16666666666667,0.266666666666667,0.766666666666667,0.266666666666667,0.8,0.0666666666666667,0.0918845902513713,0.168637177373445,0.368902176958357,0.754406126134716,0.782152372064954,0.648240253642405
0.300000000000001,5.5,5.9,4.26666666666667,2.43333333333333,3.23333333333333,0.366666666666667,7.3,1.15007316136425,0.513015272760018,0.325084518772853,0.931641752920436,1.69842834077035,0.657221302413064
0.800000000000001,4.83333333333333,5.76666666666667,5.63333333333333,3.3,2.6,0.2,6.2,1.42121837287158,0.826831237307717,0.694148249047854,0.696226438732153,1.004787756206,0.912527596076178
1.33333333333333,5.23333333333333,5.9,6.63333333333333,1.13333333333333,1.23333333333333,1,4.5,0.925609692355787,0.749404209675272,0.544306397907397,0.62756060227369,1.03463244318049,1.06441388302655
0,4.8,5.7,6.03333333333333,1.36666666666667,1.4,0.833333333333333,5.13333333333333,0.750400072401056,1.03461591570355,0.863271151811674,0.334441159142862,0.782465868653138,0.614623605618434
0.7,4.26666666666667,5.6,2.26666666666667,1.2,4.3,1.43333333333333,1.43333333333333,1.16056887644966,0.661794637605924,0.467120074915699,0.211001965200491,1.66390292832551,0.789196745319881
0.9,5.5,5.66666666666667,1.1,2.96666666666667,6.83333333333333,2.1,1.43333333333333,1.2901763175027,0.987682717787725,0.804515898469226,1.57958001733445,0.899978796937224,0.56942801921203
1.36666666666667,5.1,5.83333333333333,4.33333333333333,6.16666666666667,3.43333333333333,0.0666666666666669,3,0.218662979363685,0.624267333424824,0.0513710711246807,0.0495596744751374,0.579281814422481,0.473170693477778
0.933333333333334,5.93333333333333,5.86666666666667,1.83333333333333,6.86666666666667,3.63333333333333,0.8,0.566666666666667,1.44947077666901,0.774364086276693,0.803062956436679,0.342752664175381,1.29579561617908,0.324971777299572
1.53333333333333,5.3,5.9,1.7,6.93333333333333,3.33333333333333,0.666666666666667,1.03333333333333,1.44297704203245,1.09599657816584,1.03762867162729,0.354577192248938,1.0944610455261,0.362032692959646
0.133333333333333,5.1,5.36666666666667,1.93333333333333,3.7,5.7,1.66666666666667,1.3,0.324423261178333,0.57262273284936,0.162793737824121,0.0686603406159964,0.192132943760122,0.14027919349236
0.266666666666668,5.23333333333333,5.26666666666667,0.8,3.6,5.2,1.7,1.7,0.219180754047096,0.982497580954743,0.0938339887365164,0.0120457437171948,1.69496521563071,0.362902886068136
1.2,5.2,5.63333333333333,0.5,6.4,3.73333333333333,0.0333333333333332,0.566666666666667,0.219696090846336,1.3313439273192,0.281716886285088,0.289287179590038,1.19200628650626,0.132341316312919
1.93333333333333,0.433333333333334,1.03333333333333,0.0999999999999999,0,0.6,1.86666666666667,0.166666666666667,0.462292704514193,0.0693396982907082,0.688520239826413,0.443949658128311,0.726535766192426,0.0127444085469609
1.66666666666667,0.566666666666666,0.399999999999999,0.0333333333333332,0.933333333333334,0.3,1.86666666666667,0.133333333333333,0.282444557035682,0.119016069835643,0.404115648110655,0.987983945609301,0.831009386055879,0.101585454305017
1.66666666666667,0.166666666666667,0.566666666666666,0.0666666666666667,0.166666666666667,0.266666666666667,0.633333333333333,0.1,0.989998192764473,0.0549138310238143,1.20064121855821,0.696641337496779,1.03642446883681,0.517678595985982
4.26666666666667,0.233333333333333,0.733333333333333,0.266666666666667,2.6,1.2,2.23333333333333,0.0999999999999999,0.995800987973865,1.00829567227909,0.61758536011025,0.372332376331841,0.76638944411761,0.724714452817438
5.6,0.0666666666666673,1.13333333333333,0.0666666666666667,0.6,0.1,1.96666666666667,0.0999999999999999,0.0587954525302351,1.02966223248026,0.0114990352350076,0.31199648514561,0.0912132281957566,0.533037816338077
2.33333333333333,1.36666666666667,4.3,1.3,0.433333333333333,0.633333333333333,0.4,0.766666666666667,0.185111665250898,0.616630283913383,0.846327314598543,0.0595137520588958,0.406376320550703,0.150855151841972
0.933333333333333,1.03333333333333,1.93333333333333,0.766666666666667,1.36666666666667,0.233333333333333,1.53333333333333,0.4,0.120476689051993,0.414352230118508,0.0905432563525513,0.23080134179352,0.611713221633983,0.204252249492574
2.36666666666667,6.2,6.66666666666667,4.76666666666667,3.03333333333333,2.73333333333333,2.7,7.76666666666667,1.12148106256363,1.09600468025197,0.784529952083762,0.40803696857924,1.52798919033938,0.213233298263232
2.86666666666667,5.53333333333333,6.53333333333333,6.13333333333333,3.9,2.1,2.13333333333333,6.66666666666667,1.39262627407096,1.40982064479967,1.15359368235876,1.21983122307335,0.834348605775027,0.468539591926347
0.733333333333333,5.93333333333333,6.66666666666667,7.13333333333333,1.73333333333333,0.733333333333333,3.33333333333333,4.96666666666667,0.897017593555166,1.33239361716722,1.00375183121831,1.15116538661489,0.864193292749519,0.620425878876719
2.06666666666667,5.5,6.46666666666667,6.53333333333333,1.96666666666667,0.9,3.16666666666667,5.6,0.721807973600434,1.61760532319551,1.32271658512258,0.858045943484058,0.612026718222168,0.170635601468602
2.76666666666667,4.96666666666667,6.36666666666667,2.76666666666667,1.8,3.8,0.9,1.9,1.13197677764904,1.24478404509788,0.926565508226607,0.312602819140704,1.49346377789454,0.345208741170049
1.16666666666667,6.2,6.43333333333333,1.6,3.56666666666667,6.33333333333333,0.233333333333333,1.9,1.26158421870208,1.57067212527968,0.345070465158318,1.05597523299326,0.729539646506254,0.125440015062198
3.43333333333333,5.8,6.6,4.83333333333333,6.76666666666667,2.93333333333333,2.26666666666667,3.46666666666667,0.190070880563063,1.20725674091678,0.408074362186228,0.573164458816333,0.40884266399151,0.0291826893279463
3,6.63333333333333,6.63333333333333,2.33333333333333,7.46666666666667,3.13333333333333,3.13333333333333,1.03333333333333,1.42087867786839,1.35735349376865,0.34361752312577,0.180852120165814,1.12535646574811,0.768959781449403
3.6,6,6.66666666666667,2.2,7.53333333333333,2.83333333333333,3,1.5,1.41438494323183,1.6789859856578,0.578183238316377,0.169027592092258,0.924021895095133,0.806020697109478
1.93333333333333,5.8,6.13333333333333,2.43333333333333,4.3,5.2,0.666666666666666,1.76666666666667,0.353015359978954,1.15561214034131,0.296651695486788,0.454944443725199,0.0216937933291516,0.303708810657472
2.33333333333333,5.93333333333333,6.03333333333333,1.3,4.2,4.7,0.633333333333333,2.16666666666667,0.190588655246474,1.5654869884467,0.553279422047425,0.511559040624001,1.52452606519974,0.806890890217968
3.26666666666667,5.9,6.4,1,7,3.23333333333333,2.3,1.03333333333333,0.248288189646957,1.91433333481115,0.741162319595996,0.812891963931233,1.02156713607529,0.311646687836912
0.266666666666667,0.133333333333333,0.633333333333333,0.0666666666666667,0.933333333333334,0.3,0,0.0333333333333334,0.179848147478512,0.0496763715449344,1.09263588793707,0.544034287480989,0.104473619863454,0.0888410457580559
0.266666666666667,0.600000000000001,0.466666666666667,0.0333333333333332,0.166666666666667,0.333333333333333,1.23333333333333,0.0666666666666667,0.52770548825028,0.0144258672668939,0.5121209787318,0.252691679368468,0.309888702644384,0.504934187439021
2.33333333333333,0.666666666666667,1.76666666666667,0.366666666666667,2.6,1.8,0.366666666666667,0.266666666666667,0.533508283459671,1.0776353705698,0.0709348797161628,0.0716172817964707,0.039853677925184,0.711970044270477
3.66666666666667,0.500000000000001,2.16666666666667,0.166666666666667,0.6,0.5,0.1,0.266666666666667,0.403497251983958,1.09900193077097,0.70001927506142,0.755946143273921,0.635322537996669,0.520293407791116
0.4,1.8,5.33333333333333,1.4,0.433333333333333,1.23333333333333,2.26666666666667,0.933333333333333,0.277181039263296,0.685969982204091,0.157807074772131,0.503463410187207,0.320159445641722,0.163599560388933
1,1.46666666666667,2.96666666666667,0.866666666666666,1.36666666666667,0.366666666666666,0.333333333333334,0.566666666666667,0.582769393566186,0.483691928409216,0.597976983473861,0.674750999921831,0.114822544558442,0.216996658039534
0.433333333333334,6.63333333333333,7.7,4.86666666666667,3.03333333333333,3.33333333333333,0.833333333333334,7.93333333333333,0.659188358049434,1.16534437854268,0.0960097122573493,0.851986626707552,0.801453424146956,0.225977706810193
0.933333333333334,5.96666666666667,7.56666666666667,6.23333333333333,3.9,2.7,0.266666666666667,6.83333333333333,0.930333569556769,1.47916034309038,0.46507344253235,0.775881564945037,0.107812839582602,0.481284000473307
1.2,6.36666666666667,7.7,7.23333333333333,1.73333333333333,1.33333333333333,1.46666666666667,5.13333333333333,0.434724889040973,1.40173331545793,0.315231591391893,0.707215728486575,0.137657526557093,0.63317028742368
0.133333333333333,5.93333333333333,7.5,6.63333333333333,1.96666666666667,1.5,1.3,5.76666666666667,0.259515269086241,1.68694502148621,0.63419634529617,0.414096285355746,0.114509047970258,0.183380010015563
0.833333333333333,5.4,7.4,2.86666666666667,1.8,4.4,0.966666666666667,2.06666666666667,0.66968407313485,1.31412374338858,0.238045268400195,0.131346838987607,0.766928011702111,0.35795314971701
0.766666666666667,6.63333333333333,7.46666666666667,1.7,3.56666666666667,6.93333333333333,1.63333333333333,2.06666666666667,0.799291514187887,1.64001182357039,1.03359070498473,1.49992489112157,0.00300388031382831,0.138184423609159
1.5,6.23333333333333,7.63333333333333,4.93333333333333,6.76666666666667,3.53333333333333,0.4,3.63333333333333,0.27222182395113,1.27659643920748,0.280445877640185,0.129214800688022,0.317693102200915,0.0419270978749072
1.06666666666667,7.06666666666667,7.66666666666667,2.43333333333333,7.46666666666667,3.73333333333333,1.26666666666667,1.2,0.9585859733542,1.42669319205935,1.03213776295218,0.263097537962497,0.398820699555681,0.756215372902442
1.66666666666667,6.43333333333333,7.7,2.3,7.53333333333333,3.43333333333333,1.13333333333333,1.66666666666667,0.952092238717639,1.7483256839485,1.26670347814279,0.274922066036053,0.197486128902707,0.793276288562517
0,6.23333333333333,7.16666666666667,2.53333333333333,4.3,5.8,1.2,1.93333333333333,0.815308064493148,1.22495183863202,0.391868544339625,0.010994785596888,0.704841972863274,0.290964402110511
0.4,6.36666666666667,7.06666666666667,1.4,4.2,5.3,1.23333333333333,2.33333333333333,0.271704049267719,1.6348266867374,0.135240817778988,0.0676093824956896,0.79799029900731,0.794146481671007
1.33333333333333,6.33333333333333,7.43333333333333,1.1,7,3.83333333333333,0.433333333333334,1.2,0.710580894161151,1.98367303310186,0.0526420797695839,0.368942305802922,0.295031369882867,0.298902279289952
0,0.733333333333333,0.166666666666666,0.0333333333333334,0.766666666666667,0.0333333333333334,1.23333333333333,0.0333333333333332,0.707553635728792,0.0641022388118283,1.60475686666887,0.291342608112522,0.20541508278093,0.416093141680965
2.6,0.8,1.13333333333333,0.3,1.66666666666667,1.5,0.366666666666667,0.233333333333333,0.713356430938183,1.12731174211473,1.0217010082209,0.61565156927746,0.0646199419382696,0.623128998512422
3.93333333333333,0.633333333333334,1.53333333333333,0.0999999999999999,0.333333333333334,0.2,0.1,0.233333333333333,0.223649104505447,1.1486783023159,0.392616612875647,1.29998043075491,0.739796157860123,0.43145236203306
0.666666666666667,1.93333333333333,4.7,1.33333333333333,0.5,0.933333333333333,2.26666666666667,0.9,0.0973328917847838,0.735646353749026,1.2504429627092,1.0474976976682,0.424633065505176,0.252440606146989
0.733333333333333,1.6,2.33333333333333,0.8,0.433333333333333,0.0666666666666667,0.333333333333334,0.533333333333333,0.402921246087675,0.53336829995415,0.494658904463206,1.21878528740282,0.219296164421896,0.30583770379759
0.7,6.76666666666667,7.06666666666667,4.8,2.1,3.03333333333333,0.833333333333334,7.9,0.839036505527945,1.21502075008761,1.18864560019442,1.39602091418854,0.696979804283503,0.314818752568249
1.2,6.1,6.93333333333333,6.16666666666667,2.96666666666667,2.4,0.266666666666667,6.8,1.11018171703528,1.52883671463531,1.55770933046942,0.231847277464048,0.00333921971914802,0.570125046231363
0.933333333333334,6.5,7.06666666666667,7.16666666666667,0.8,1.03333333333333,1.46666666666667,5.1,0.614573036519484,1.45140968700287,1.40786747932896,0.163181441005585,0.0331839066936394,0.722011333181736
0.399999999999999,6.06666666666667,6.86666666666667,6.56666666666667,1.03333333333333,1.2,1.3,5.73333333333333,0.439363416564753,1.73662139303115,1.72683223323324,0.129938002125243,0.218982667833712,0.272221055773619
1.1,5.53333333333333,6.76666666666667,2.8,0.866666666666666,4.1,0.966666666666667,2.03333333333333,0.849532220613361,1.36380011493352,1.33068115633726,0.675381126468596,0.662454391838658,0.446794195475066
0.5,6.76666666666667,6.83333333333333,1.63333333333333,2.63333333333333,6.63333333333333,1.63333333333333,2.03333333333333,0.979139661666399,1.68968819511532,0.059045182952337,2.04395917860256,0.101469739549625,0.227025469367215
1.76666666666667,6.36666666666667,7,4.86666666666667,5.83333333333333,3.23333333333333,0.4,3.6,0.0923736764726186,1.32627281075242,0.812190010296883,0.414819486792968,0.422166722064369,0.130768143632963
1.33333333333333,7.2,7.03333333333333,2.36666666666667,6.53333333333333,3.43333333333333,1.26666666666667,1.16666666666667,1.13843412083271,1.47636956360429,0.0604981249848844,0.807131825443486,0.294347079692228,0.667374327144387
1.93333333333333,6.56666666666667,7.06666666666667,2.23333333333333,6.6,3.13333333333333,1.13333333333333,1.63333333333333,1.13194038619615,1.79800205549344,0.174067590205722,0.818956353517043,0.0930125090392538,0.704435242804461
0.266666666666667,6.36666666666667,6.53333333333333,2.46666666666667,3.36666666666667,5.5,1.2,1.9,0.635459917014636,1.27462821017695,0.700767343597443,0.533039501884101,0.809315592726728,0.202123356352455
0.666666666666667,6.5,6.43333333333333,1.33333333333333,3.26666666666667,5,1.23333333333333,2.3,0.0918559017892074,1.68450305828234,0.95739507015808,0.4764249049853,0.693516679143856,0.705305435912951
1.6,6.46666666666667,6.8,1.03333333333333,6.06666666666667,3.53333333333333,0.433333333333334,1.16666666666667,0.530732746682639,2.0333494046468,1.14527796770665,0.175091981678067,0.190557750019414,0.210061233531896
2.6,0.0666666666666664,1.3,0.333333333333334,2.43333333333333,1.46666666666667,1.6,0.2,0.00580279520939131,1.06320950330291,0.583055858447962,0.324308961164938,0.2700350247192,0.207035856831456
3.93333333333333,0.0999999999999996,1.7,0.133333333333333,0.433333333333333,0.166666666666667,1.33333333333333,0.2,0.931202740234238,1.08457606350408,1.21214025379322,1.00863782264239,0.945211240641053,0.0153592203520946
0.666666666666667,1.2,4.86666666666667,1.36666666666667,0.266666666666667,0.9,1.03333333333333,0.866666666666667,0.804886527513576,0.671544114937198,0.354313903959668,0.756155089555675,0.630048148286106,0.668533747827954
0.733333333333333,0.866666666666666,2.5,0.833333333333333,1.2,0.0333333333333332,0.9,0.5,1.11047488181647,0.469266061142322,1.11009796220566,0.927442679290299,0.424711247202826,0.721930845478555
0.7,6.03333333333333,7.23333333333333,4.83333333333333,2.86666666666667,3,2.06666666666667,7.86666666666667,0.131482869799154,1.15091851127578,0.41611126647445,1.10467830607602,0.491564721502572,0.730911894249214
1.2,5.36666666666667,7.1,6.2,3.73333333333333,2.36666666666667,1.5,6.76666666666667,0.402628081306489,1.46473447582348,0.0470475361994498,0.523189885576569,0.202075863061782,0.986218187912328
0.933333333333334,5.76666666666667,7.23333333333333,7.2,1.56666666666667,1,2.7,5.06666666666667,0.0929805992093074,1.38730744819104,0.196889387339906,0.454524049118107,0.172231176087291,1.1381044748627
0.399999999999999,5.33333333333333,7.03333333333333,6.6,1.8,1.16666666666667,2.53333333333333,5.7,0.268190219164039,1.67251915421932,0.12207536656437,0.161404605987279,0.424397750614642,0.688314197454584
1.1,4.8,6.93333333333333,2.83333333333333,1.63333333333333,4.06666666666667,0.266666666666667,2,0.14197858488457,1.29969787612169,0.274075710331605,0.384038518356075,0.457039309057727,0.862887337156031
0.5,6.03333333333333,7,1.66666666666667,3.4,6.6,0.399999999999999,2,0.271586025937607,1.62558595630349,1.54571168371653,1.75261657049004,0.306884822330556,0.64311861104818
1.76666666666667,5.63333333333333,7.16666666666667,4.9,6.6,3.2,1.63333333333333,3.56666666666667,0.79992731220141,1.26217057194059,0.792566856371984,0.123476878680446,0.627581804845299,0.546861285313928
1.33333333333333,6.46666666666667,7.2,2.4,7.3,3.4,2.5,1.13333333333333,0.43088048510392,1.41226732479246,1.54425874168398,0.515789217330964,0.0889319969112973,0.251281185463421
1.93333333333333,5.83333333333333,7.23333333333333,2.26666666666667,7.36666666666667,3.1,2.36666666666667,1.6,0.424386750467359,1.73389981668161,1.77882445687459,0.527613745404521,0.112402573741676,0.288342101123496
0.266666666666667,5.63333333333333,6.7,2.5,4.13333333333333,5.46666666666667,0.0333333333333332,1.86666666666667,1.34301355274343,1.21052597136513,0.903989523071424,0.241696893771579,1.01473067550766,0.21396978532851
0.666666666666667,5.76666666666667,6.6,1.36666666666667,4.03333333333333,4.96666666666667,0,2.26666666666667,0.799409537517999,1.62040081947051,0.647361796510787,0.185082296872778,0.488101596362926,0.289212294231986
1.6,5.73333333333333,6.96666666666667,1.06666666666667,6.83333333333333,3.5,1.66666666666667,1.13333333333333,1.23828638241143,1.96924716583497,0.459478898962216,0.116250626434455,0.0148573327615166,0.206031908149069
1.33333333333333,0.166666666666666,0.4,0.2,2,1.3,0.266666666666667,0,0.93700553544363,0.0213665602011695,0.629084395345257,0.684328861477451,0.675176215921853,0.191676636479362
1.93333333333333,1.13333333333333,3.56666666666667,1.03333333333333,2.16666666666667,0.566666666666667,2.63333333333333,0.666666666666667,0.810689322722967,0.391665388365708,0.228741954488294,0.431846128390736,0.360013123566906,0.875569604659411
3.33333333333333,0.8,1.2,0.5,1.23333333333333,1.43333333333333,0.7,0.3,1.11627767702586,0.593943442160584,0.527042103757698,0.603133718125361,0.154676222483626,0.928966702310012
1.9,5.96666666666667,5.93333333333333,4.5,0.433333333333334,1.53333333333333,0.466666666666667,7.66666666666667,0.125680074589763,0.0877090079728788,0.166944591973512,0.780369344911081,0.761599746221772,0.93794775108067
1.4,5.3,5.8,5.86666666666667,1.3,0.9,0.1,6.56666666666667,0.396825286097098,0.401524972520578,0.536008322248513,0.847498846741508,0.0679591616574176,1.19325404474378
3.53333333333333,5.7,5.93333333333333,6.86666666666667,0.866666666666667,0.466666666666667,1.1,4.86666666666667,0.0987833944186987,0.324097944888132,0.386166471108056,0.778833010283045,0.097803848631909,1.34514033169416
2.2,5.26666666666667,5.73333333333333,6.26666666666667,0.633333333333333,0.3,0.933333333333333,5.5,0.27399301437343,0.609309650916414,0.705131225012333,0.485713567152217,0.154362725895442,0.89535005428604
1.5,4.73333333333333,5.63333333333333,2.5,0.8,2.6,1.33333333333333,1.8,0.136175789675178,0.236488372818784,0.308980148116358,0.0597295571911363,0.727074333776927,1.06992319398749
3.1,5.96666666666667,5.7,1.33333333333333,0.966666666666667,5.13333333333333,2,1.8,0.265783230728216,0.562376453000586,0.962655825268568,1.4283076093251,0.0368497976113557,0.850154467879637
0.833333333333334,5.56666666666667,5.86666666666667,4.56666666666667,4.16666666666667,1.73333333333333,0.0333333333333332,3.36666666666667,0.805730107410802,0.198961068637684,0.209510997924022,0.200832082484492,0.357546780126099,0.753897142145385
1.26666666666667,6.4,5.9,2.06666666666667,4.86666666666667,1.93333333333333,0.9,0.933333333333334,0.425077689894529,0.349057821489553,0.96120288323602,0.191480256166026,0.358967021630497,0.044245328631965
0.666666666666667,5.76666666666667,5.93333333333333,1.93333333333333,4.93333333333333,1.63333333333333,0.766666666666667,1.4,0.418583955257968,0.670690313378706,1.19576859842663,0.203304784239583,0.157632450977523,0.0813062442920398
2.33333333333333,5.56666666666667,5.4,2.16666666666667,1.7,4,1.56666666666667,1.66666666666667,1.34881634795282,0.147316468062221,0.320933664623462,0.0826120673933587,0.744695650788458,0.421005642159966
1.93333333333333,5.7,5.3,1.03333333333333,1.6,3.5,1.6,2.06666666666667,0.80521233272739,0.557191316167604,0.0643059380628248,0.13922666429216,0.758136621082126,0.0821764374005293
1,5.66666666666667,5.66666666666667,0.733333333333333,4.4,2.03333333333333,0.0666666666666669,0.933333333333334,1.24408917762082,0.906037662532063,0.123576959485747,0.440559587599393,0.255177691957683,0.413067764980526
3.26666666666667,1.3,3.16666666666667,1.23333333333333,0.166666666666667,0.733333333333333,2.36666666666667,0.666666666666667,0.126316212720663,0.413031948566878,0.857826349833551,0.252482733086714,0.315163092354947,0.683892968180049
4.66666666666667,0.966666666666666,0.8,0.7,0.766666666666667,0.133333333333333,0.433333333333334,0.3,0.179272141582228,0.615310002361753,0.102042291587559,0.0811951433520902,0.520499993438227,0.73729006583065
3.23333333333333,6.13333333333333,5.53333333333333,4.7,2.43333333333333,2.83333333333333,0.733333333333333,7.66666666666667,1.06268561003339,0.0663424477717092,0.796028987318769,0.0960404834336303,1.43677596214363,0.746271114601309
2.73333333333333,5.46666666666667,5.4,6.06666666666667,3.3,2.2,0.166666666666667,6.56666666666667,1.33383082154073,0.380158412319408,1.16509271759377,1.53182770821896,0.743135377579271,1.00157740826442
4.86666666666667,5.86666666666667,5.53333333333333,7.06666666666667,1.13333333333333,0.833333333333334,1.36666666666667,4.86666666666667,0.838222141024931,0.302731384686963,1.01525086645331,1.4631618717605,0.772980064553762,1.1534636952148
3.53333333333333,5.43333333333333,5.33333333333333,6.46666666666667,1.36666666666667,1,1.2,5.5,0.663012521070199,0.587943090715245,1.33421562035759,1.17004242862967,0.520813490026411,0.703673417806678
2.83333333333333,4.9,5.23333333333333,2.7,1.2,3.9,1.06666666666667,1.8,1.07318132511881,0.215121812617615,0.938064543461615,0.624599304286314,1.40225054969878,0.878246557508126
4.43333333333333,6.13333333333333,5.3,1.53333333333333,2.96666666666667,6.43333333333333,1.73333333333333,1.8,1.20278876617185,0.541009892799416,0.33357142992331,0.743978747847647,0.638326418310497,0.658477831400275
2.16666666666667,5.73333333333333,5.46666666666667,4.76666666666667,6.16666666666667,3.03333333333333,0.3,3.36666666666667,0.131275428032828,0.177594508436515,0.419573397421235,0.885160943961943,0.317629435795754,0.562220505666023
2.6,6.56666666666667,5.5,2.26666666666667,6.86666666666667,3.23333333333333,1.16666666666667,0.933333333333334,1.36208322533816,0.327691261288384,0.332118487890763,0.492848605311424,1.03414323755235,0.235921965111327
2,5.93333333333333,5.53333333333333,2.13333333333333,6.93333333333333,2.93333333333333,1.03333333333333,1.4,1.3555894907016,0.649323753177536,0.566684203081369,0.481024077237868,0.832808666899376,0.272982880771402
3.66666666666667,5.73333333333333,5,2.36666666666667,3.7,5.3,1.3,1.66666666666667,0.41181081250919,0.125949907861051,0.308150730721795,0.766940928870809,0.0695194348666051,0.229329005680604
3.26666666666667,5.86666666666667,4.9,1.23333333333333,3.6,4.8,1.33333333333333,2.06666666666667,0.131793202716239,0.535824755966434,0.564778457282433,0.823555525769611,1.43331283700398,0.273853073879891
2.33333333333333,5.83333333333333,5.26666666666667,0.933333333333333,6.4,3.33333333333333,0.333333333333334,0.933333333333334,0.307083642177192,0.884671102330893,0.752661354831004,1.12488844907684,0.930353907879536,0.221391128501164
1.4,0.333333333333334,2.36666666666667,0.533333333333334,0.933333333333333,0.866666666666667,1.93333333333333,0.366666666666667,0.305588354302891,0.202278053794876,0.755784058245992,0.171287589734624,0.20533690108328,0.0533970976506013
0.0333333333333332,4.83333333333333,2.36666666666667,3.46666666666667,2.6,2.1,3.1,7,0.936369397312729,0.479374396338587,0.0617973625147818,0.348523216520345,1.12161286978868,0.0623781464212601
0.533333333333333,4.16666666666667,2.23333333333333,4.83333333333333,3.46666666666667,1.46666666666667,2.53333333333333,5.9,1.20751460882006,0.793190360886286,0.307266367760219,1.27934497513224,0.427972285224324,0.317684440084374
1.6,4.56666666666667,2.36666666666667,5.83333333333333,1.3,0.1,3.73333333333333,4.2,0.711905928304268,0.71576333325384,0.157424516619762,1.21067913867378,0.457816972198815,0.469570727034747
0.266666666666668,4.13333333333333,2.16666666666667,5.23333333333333,1.53333333333333,0.266666666666667,3.56666666666667,4.83333333333333,0.536696308349536,1.00097503928212,0.476389270524039,0.917559695542954,0.205650397671464,0.0197804496266298
0.433333333333333,3.6,2.06666666666667,1.46666666666667,1.36666666666667,3.16666666666667,1.3,1.13333333333333,0.946865112398145,0.628153761184493,0.0802381936280639,0.3721165711996,1.08708745734383,0.194353589328077
1.16666666666667,4.83333333333333,2.13333333333333,0.3,3.13333333333333,5.7,0.633333333333334,1.13333333333333,1.07647255345118,0.954041841366294,1.19139777975686,0.996461480934362,0.323163325955551,0.0254151367797738
1.1,4.43333333333333,2.3,3.53333333333333,6.33333333333333,2.3,2.66666666666667,2.7,0.00495921531216514,0.590626457003393,0.438252952412316,0.632678210875229,0.00246634344080693,0.121672462514026
0.666666666666666,5.26666666666667,2.33333333333333,1.03333333333333,7.03333333333333,2.5,3.53333333333333,0.266666666666667,1.2357670126175,0.740723209855262,1.18994483772431,0.24036587222471,0.718980145197404,0.919814933291375
1.26666666666667,4.63333333333333,2.36666666666667,0.9,7.1,2.2,3.4,0.733333333333333,1.22927327798093,1.06235570174441,1.42451055291492,0.228541344151154,0.51764557454443,0.95687584895145
0.4,4.43333333333333,1.83333333333333,1.13333333333333,3.86666666666667,4.56666666666667,1.06666666666667,1,0.538127025229852,0.538981856427929,0.549675619111756,0.514458195784095,0.384682527221552,0.454563962499444
0,4.56666666666667,1.73333333333333,0,3.76666666666667,4.06666666666667,1.03333333333333,1.4,0.00547698999557633,0.948856704533312,0.293047892551119,0.571072792682897,1.11814974464903,0.95774604205994
0.933333333333333,4.53333333333333,2.1,0.3,6.56666666666667,2.6,2.7,0.266666666666667,0.433399854897855,1.29770305089777,0.105164995002547,0.872405715990129,0.61519081552459,0.462501839678885
1.43333333333333,5.16666666666667,4.73333333333333,4,1.66666666666667,2.96666666666667,1.16666666666667,7.36666666666667,1.24195775161562,0.681652450133463,0.69398669573121,0.17723562678572,0.916275968705399,0.00898104877065875
1.93333333333333,4.5,4.6,5.36666666666667,2.53333333333333,2.33333333333333,0.6,6.26666666666667,1.51310296312296,0.995468414681161,1.06305042600621,1.45063256486687,0.222635384141044,0.264287342433773
0.2,4.9,4.73333333333333,6.36666666666667,0.366666666666667,0.966666666666667,1.8,4.56666666666667,1.01749428260716,0.918041387048716,0.913208574865754,1.38196672840841,0.252480071115535,0.416173629384145
1.13333333333333,4.46666666666667,4.53333333333333,5.76666666666667,0.6,1.13333333333333,1.63333333333333,5.2,0.842284662652427,1.203253093077,1.23217332877003,1.08884728527758,0.000313496588184491,0.0336166480239715
1.83333333333333,3.93333333333333,4.43333333333333,2,0.433333333333333,4.03333333333333,0.633333333333333,1.5,1.25245346670104,0.830431814979368,0.836022251874056,0.543404160934224,0.881750556260554,0.140956491677476
0.233333333333333,5.16666666666667,4.5,0.833333333333334,2.2,6.56666666666667,1.3,1.5,1.38206090775407,1.15631989516117,0.435613721510869,0.825173891199738,0.117826424872271,0.0788122344303751
2.5,4.76666666666667,4.66666666666667,4.06666666666667,5.4,3.16666666666667,0.733333333333333,3.06666666666667,0.310547569615056,0.792904510798268,0.317531105833677,0.803965800609853,0.202870557642473,0.175069560164627
2.06666666666667,5.6,4.7,1.56666666666667,6.1,3.36666666666667,1.6,0.633333333333334,1.54135536692039,0.943001263650137,0.434160779478322,0.411653461959334,0.513643244114124,0.973212030941977
2.66666666666667,4.96666666666667,4.73333333333333,1.43333333333333,6.16666666666667,3.06666666666667,1.46666666666667,1.1,1.53486163228383,1.26463375553929,0.668726494668928,0.399828933885778,0.31230867346115,1.01027294660205
1,4.76666666666667,4.2,1.66666666666667,2.93333333333333,5.43333333333333,0.866666666666667,1.36666666666667,0.232538670926962,0.741259910222804,0.206108439134237,0.685745785518719,0.590019428304832,0.507961060150046
1.4,4.9,4.1,0.533333333333334,2.83333333333333,4.93333333333333,0.9,1.76666666666667,0.311065344298467,1.15113475832819,0.462736165694874,0.742360382417521,0.912812843565752,1.01114313971054
2.33333333333333,4.86666666666667,4.46666666666667,0.233333333333333,5.63333333333333,3.46666666666667,0.766666666666667,0.633333333333334,0.127811500594964,1.49998110469265,0.650619063243445,1.04369330572475,0.40985391444131,0.515898937329486
0.5,0.666666666666667,0.133333333333333,1.36666666666667,0.866666666666666,0.633333333333333,0.566666666666667,1.1,0.271145211507335,0.313815964547699,0.369063730275,1.62786819165259,0.693640584564355,0.255306293663114
1.63333333333333,0.266666666666667,0,2.36666666666667,1.3,2,0.633333333333333,2.8,0.224463469008461,0.236388936915253,0.219221879134544,1.55920235519413,0.663795897589863,0.407192580613487
0.300000000000001,0.7,0.2,1.76666666666667,1.06666666666667,1.83333333333333,0.466666666666667,2.16666666666667,0.399673088963193,0.521600642943536,0.538186633038821,1.2660829120633,0.915962472117214,0.0425976967946302
0.399999999999999,1.23333333333333,0.3,2,1.23333333333333,1.06666666666667,1.8,5.86666666666667,0.0104957150854157,0.148779364845906,0.142035556142846,0.720639787719945,0.0345254124448451,0.131975442906817
1.2,0,0.233333333333333,3.16666666666667,0.533333333333333,3.6,2.46666666666667,5.86666666666667,0.140103156138454,0.474667445027707,1.12960041724208,0.647938264414017,0.798449543833128,0.0877932832010339
1.06666666666667,0.4,0.0666666666666667,0.0666666666666664,3.73333333333333,0.2,0.433333333333334,4.3,0.931410182000564,0.111252060664806,0.376455589897534,0.981201427395573,1.11914652634787,0.184050608935286
0.633333333333333,0.433333333333333,0.0333333333333334,2.43333333333333,4.43333333333333,0.4,0.433333333333333,6.73333333333333,0.299397615304766,0.261348813516675,1.12814747520953,0.588889088745055,0.402632724591275,0.982193079712635
1.23333333333333,0.2,0,2.56666666666667,4.5,0.100000000000001,0.3,6.26666666666667,0.292903880668205,0.582981305405827,1.36271319040014,0.577064560671498,0.603967295244249,1.01925399537271
0.433333333333334,0.4,0.533333333333333,2.33333333333333,1.26666666666667,2.46666666666667,2.03333333333333,6,1.47449642254258,0.0596074600893418,0.487878256596974,0.86298141230444,1.50629539701023,0.516942108920704
0.0333333333333332,0.266666666666667,0.633333333333333,3.46666666666667,1.16666666666667,1.96666666666667,2.06666666666667,5.6,0.930892407317153,0.469482308194725,0.231250530036337,0.919596009203241,0.00346312513964653,1.0201241884812
0.9,0.3,0.266666666666667,3.76666666666667,3.96666666666667,0.5,0.4,6.73333333333333,1.36976925221058,0.818328654559184,0.0433676324877654,1.22092893251047,0.506422054264089,0.524879986100145
2.13333333333333,0.4,0.133333333333333,1,2.16666666666667,1.36666666666667,1.2,1.7,0.495608680515797,0.0774270276324453,0.149841851140456,0.0686658364584623,0.0298446869744914,0.151886286950372
0.800000000000001,0.0333333333333332,0.0666666666666667,0.399999999999999,1.93333333333333,1.2,1.03333333333333,1.06666666666667,0.670818300470528,0.207784678395837,0.16912290276382,0.361785279589291,0.22232188755286,0.297903990457744
0.100000000000001,0.566666666666667,0.166666666666667,3.36666666666667,2.1,1.7,1.23333333333333,4.76666666666667,0.26064949642192,0.165036599701793,0.227028174132155,0.907228403932644,0.65911517211951,0.123330850756297
1.7,0.666666666666667,0.1,4.53333333333333,0.333333333333333,4.23333333333333,1.9,4.76666666666667,0.131042055368882,0.160851480480008,1.49866414751708,2.27580645606661,0.104808959268773,0.343099576864148
0.566666666666666,0.266666666666667,0.0666666666666667,1.3,2.86666666666667,0.833333333333333,0.133333333333333,3.2,1.2025553935079,0.202563903882893,0.745519320172534,0.646666764257015,0.425505941783517,0.4393569025984
0.133333333333333,1.1,0.0999999999999999,3.8,3.56666666666667,1.03333333333333,1,5.63333333333333,0.0282524037974308,0.0524671510310241,1.49721120548453,1.03897910290753,0.29100785997308,1.23749937337575
0.733333333333333,0.466666666666667,0.133333333333333,3.93333333333333,3.63333333333333,0.733333333333333,0.866666666666667,5.16666666666667,0.0217586691608697,0.269165340858128,1.73177692067514,1.05080363098109,0.0896732893201058,1.27456028903582
0.933333333333334,0.266666666666667,0.4,3.7,0.4,3.1,1.46666666666667,4.9,1.74564163404992,0.254208504458357,0.856941986871974,0.764886779348149,0.812654812445876,0.772248402583819
0.533333333333333,0.4,0.5,4.83333333333333,0.3,2.6,1.5,4.5,1.20203761882449,0.155666343647026,0.600314260311337,0.708272182449347,0.690177459424708,1.27543048214431
0.399999999999999,0.366666666666667,0.133333333333333,5.13333333333333,3.1,1.13333333333333,0.166666666666667,5.63333333333333,1.64091446371792,0.504512690011485,0.412431362762766,0.406939259142115,0.187218530300266,0.780186279763259
1.33333333333333,0.433333333333333,0.2,0.600000000000001,0.233333333333333,0.166666666666667,0.166666666666667,0.633333333333333,0.175209619954732,0.285211706028282,0.318964753904277,0.293119443130828,0.252166574527351,0.449790277408117
2.03333333333333,0.966666666666667,0.3,4.36666666666667,0.0666666666666664,3.06666666666667,2.43333333333333,3.06666666666667,0.234959184093877,0.0876095720693478,0.0771863229916984,0.838562567474182,0.629270485145018,0.27521713770667
0.433333333333334,0.266666666666667,0.233333333333333,5.53333333333333,1.83333333333333,5.6,3.1,3.06666666666667,0.364566625146915,0.238278508112453,1.34882229637662,2.20714061960814,0.134653646243265,0.494985863814521
2.7,0.133333333333333,0.0666666666666667,2.3,5.03333333333333,2.2,1.06666666666667,1.5,0.706946712992103,0.125136876250448,0.595677469032078,0.578000927798553,0.455350628758008,0.591243189548773
2.26666666666667,0.7,0.0333333333333334,4.8,5.73333333333333,2.4,0.2,3.93333333333333,0.523861084313228,0.0249598766014212,1.34736935434408,0.970313266449071,0.261163172998588,1.38938566032612
2.86666666666667,0.0666666666666667,0,4.93333333333333,5.8,2.1,0.333333333333334,3.46666666666667,0.517367349676666,0.346592368490573,1.58193506953468,0.982137794522628,0.0598286023456145,1.4264465759862
1.2,0.133333333333333,0.533333333333333,4.7,2.56666666666667,4.46666666666667,2.66666666666667,3.2,1.25003295353412,0.176781476825912,0.707100135731518,0.696220942889687,0.842499499420367,0.924134689534191
1.6,0,0.633333333333333,5.83333333333333,2.46666666666667,3.96666666666667,2.7,2.8,0.706428938308692,0.233093371279472,0.450472409170881,0.639606345990885,0.660332772450217,1.42731676909469
2.53333333333333,0.0333333333333332,0.266666666666667,6.13333333333333,5.26666666666667,2.5,1.03333333333333,3.93333333333333,1.14530578320212,0.581939717643931,0.26258951162231,0.338273422683653,0.157373843325774,0.932072566713631
0.7,0.533333333333334,0.1,3.76666666666667,0.166666666666667,2.9,2.26666666666667,3.7,0.410168804048609,0.37282127809763,0.396151076895975,0.545443124343353,0.881437059672369,0.174573139701447
0.9,0.7,0.0333333333333334,4.93333333333333,1.6,5.43333333333333,2.93333333333333,3.7,0.539776245101647,0.0469331979158287,1.6677870502809,1.91402117647732,0.117512928284086,0.0451955864064037
1.36666666666667,0.3,0.133333333333333,1.7,4.8,2.03333333333333,0.9,2.13333333333333,0.531737093037371,0.41034858227873,0.914642222936355,0.284881484667725,0.203184054230657,0.141452912140656
0.933333333333334,1.13333333333333,0.166666666666667,4.2,5.5,2.23333333333333,0.0333333333333332,4.56666666666667,0.699070704267959,0.260251829426861,1.66633410824835,0.677193823318243,0.513329747525939,0.939595382918005
1.53333333333333,0.5,0.2,4.33333333333333,5.56666666666667,1.93333333333333,0.166666666666667,4.1,0.692576969631398,0.0613806624622912,1.90089982343896,0.6890183513918,0.311995176872965,0.97665629857808
0.133333333333333,0.3,0.333333333333334,4.1,2.33333333333333,4.3,2.5,3.83333333333333,1.07482333357939,0.461993182854194,1.02606488963579,0.403101499758858,0.590332924893016,0.474344412126074
0.266666666666668,0.433333333333333,0.433333333333333,5.23333333333333,2.23333333333333,3.8,2.53333333333333,3.43333333333333,0.53121931835396,0.0521183347488103,0.769437163075158,0.346486902860057,0.912499346977568,0.97752649168657
1.2,0.4,0.0666666666666667,5.53333333333333,5.03333333333333,2.33333333333333,0.866666666666666,4.56666666666667,0.970096163247391,0.296728011615649,0.581554265526586,0.0451539795528242,0.409540417853125,0.482282289305515
1.6,1.23333333333333,0.0666666666666667,1.16666666666667,1.76666666666667,2.53333333333333,0.666666666666666,0,0.129607441053038,0.325888080181801,1.27163597338493,1.36857805213396,0.763924131388283,0.219768726107851
0.666666666666667,0.833333333333334,0.233333333333333,2.06666666666667,4.96666666666667,0.866666666666667,1.36666666666667,1.56666666666667,0.94190589708598,0.0375273041811,0.51849114604038,0.260561639675629,1.08462111390303,0.316026051842103
0.233333333333333,1.66666666666667,0.266666666666667,0.433333333333333,5.66666666666667,0.666666666666667,2.23333333333333,0.866666666666667,0.28890190021935,0.112569448670769,1.27018303135238,0.13175069897489,0.36810731214643,1.11416852261945
0.833333333333334,1.03333333333333,0.3,0.566666666666666,5.73333333333333,0.966666666666667,2.1,0.4,0.282408165582789,0.434201940559921,1.50474874654298,0.143575227048446,0.569441882799404,1.15122943827953
0.833333333333333,0.833333333333334,0.233333333333333,0.333333333333333,2.5,1.4,0.233333333333333,0.133333333333334,1.484992137628,0.0891719047565639,0.62991381273982,0.142341624584495,1.47176998456539,0.648917551827521
0.433333333333333,0.966666666666667,0.333333333333333,1.46666666666667,2.4,0.9,0.266666666666667,0.266666666666667,0.941388122402569,0.32070294334882,0.373286086179183,0.198956221483297,0.0310622873051986,1.15209963138802
0.5,0.933333333333334,0.0333333333333334,1.76666666666667,5.2,0.566666666666667,1.4,0.866666666666667,1.380264967296,0.669549289713279,0.185403188630611,0.500289144790529,0.471896641819244,0.656855429006962
2.26666666666667,0.4,0.166666666666667,3.23333333333333,3.2,3.4,2.03333333333333,1.56666666666667,1.07151333813902,0.363415384362901,0.753144827344546,1.62913969180959,0.320696982514744,0.0962573257342521
1.83333333333333,0.433333333333333,0.2,0.733333333333333,3.9,3.2,2.9,0.866666666666667,0.159294459166313,0.213318631511032,0.00145294203254742,1.23682735315907,0.395816819241853,0.894399796511602
2.43333333333333,0.2,0.233333333333333,0.6,3.96666666666667,3.5,2.76666666666667,0.4,0.152800724529751,0.10831386037812,0.233112773158059,1.22500282508552,0.194482248588879,0.931460712171677
0.766666666666667,0.4,0.3,0.833333333333334,0.733333333333333,1.13333333333333,0.433333333333333,0.133333333333334,1.61459957868104,0.415059984938365,0.641722160645106,1.51091967671846,0.707845853177103,0.42914882571967
1.16666666666667,0.266666666666667,0.4,0.3,0.633333333333333,1.63333333333333,0.399999999999999,0.266666666666667,1.07099556345561,0.00518513683298161,0.898349887205743,1.56753427361726,0.794986418693481,0.932330905280166
2.1,0.3,0.0333333333333332,0.6,3.43333333333333,3.1,2.06666666666667,0.866666666666667,1.50987240834904,0.343661209531478,1.08623278475431,1.86886719692449,0.292027489569039,0.437086702899111
0.433333333333334,0.833333333333333,0.0333333333333332,2.5,0.699999999999999,0.2,0.866666666666667,2.43333333333333,1.23080779730533,0.150096752851869,0.751691885311998,0.392312338650519,0.716513801756597,0.79814247077735
0.166666666666667,0.2,0.0666666666666667,2.63333333333333,0.766666666666666,0.0999999999999996,0.733333333333333,1.96666666666667,1.22431406266877,0.471729244741021,0.986257600502604,0.404136866724075,0.515179231103623,0.835203386437424
1.5,0,0.466666666666667,2.4,2.46666666666667,2.26666666666667,1.6,1.7,0.543086240542017,0.0516446005754639,0.11142266669944,0.118220015091134,0.387148870662359,0.332891499985418
1.1,0.133333333333333,0.566666666666667,3.53333333333333,2.56666666666667,1.76666666666667,1.63333333333333,1.3,0.000517774683411187,0.358230247529919,0.145205059861197,0.0616054181923322,1.11568340120823,0.836073579545914
0.166666666666667,0.1,0.2,3.83333333333333,0.233333333333333,0.3,0.0333333333333337,2.43333333333333,0.43835907021002,0.707076593894379,0.333087957409769,0.2397275051149,0.612724472083783,0.340829377164859
0.600000000000001,0.633333333333333,0.0333333333333334,0.133333333333333,0.0666666666666664,0.3,0.133333333333334,0.466666666666666,0.00649373463656111,0.321632491889152,0.234565715190606,0.0118245280735563,0.201334570652974,0.0370609156600749
1.06666666666667,0.833333333333333,0.5,0.1,3.16666666666667,2.06666666666667,2.46666666666667,0.733333333333333,1.77389403784735,0.201741353427333,0.640269218612558,0.274092323559385,1.10366267241896,0.465250970791931
0.666666666666666,0.7,0.6,1.03333333333333,3.26666666666667,1.56666666666667,2.5,1.13333333333333,1.23029002262192,0.20813349467805,0.896896945173195,0.330706920458187,0.399169599451629,0.0379311087685643
0.266666666666667,0.733333333333333,0.233333333333333,1.33333333333333,0.466666666666667,0.0999999999999996,0.833333333333333,0,1.66916686751535,0.55697984104251,1.08477984272177,0.632039843765419,0.103789329672814,0.457313093612491
1.66666666666667,0.2,0.533333333333333,0.233333333333333,3.23333333333333,2.36666666666667,2.33333333333333,0.266666666666667,1.76740030321079,0.523373845316485,0.874834933803164,0.285916851632941,0.902328101765982,0.502311886452006
1.26666666666667,0.0666666666666667,0.633333333333333,0.9,3.33333333333333,1.86666666666667,2.36666666666667,0.666666666666667,1.22379628798536,0.113498997211102,1.1314626603638,0.342531448531743,0.600504170104602,0.000870193108489459
0.333333333333334,0.0999999999999999,0.266666666666667,1.2,0.533333333333333,0.399999999999999,0.7,0.466666666666666,1.66267313287879,0.235347349153358,1.31934555791237,0.643864371838975,0.0975452409801599,0.494374009272566
0.4,0.133333333333333,0.0999999999999999,1.13333333333333,0.100000000000001,0.5,0.0333333333333332,0.4,0.543604015225429,0.409874848105383,0.256627726560637,0.0566145968988016,1.50283227187058,0.503182079560496
1.33333333333333,0.1,0.266666666666667,1.43333333333333,2.7,1.96666666666667,1.63333333333333,0.733333333333333,0.104727170331997,0.758721194469842,0.444510624109209,0.357947520206034,0.999873342746142,0.00793787717944045
0.933333333333333,0.0333333333333332,0.366666666666667,0.3,2.8,1.46666666666667,1.66666666666667,1.13333333333333,0.438876844893431,0.348846346364459,0.187882897548571,0.301332923307232,0.502958929124442,0.495244202381055
